module,type,value
grid_clb_1__2_,routing,0
grid_clb_1__2_,routing,0
grid_clb_1__2_,routing,0
grid_clb_1__2_,routing,0
grid_clb_1__2_,routing,0
grid_clb_1__2_,routing,0
grid_clb_1__2_,routing,0
grid_clb_1__2_,routing,0
grid_clb_1__2_,routing,0
grid_clb_1__2_,routing,0
grid_clb_1__2_,routing,0
grid_clb_1__2_,routing,0
grid_clb_1__2_,routing,0
grid_clb_1__2_,routing,0
grid_clb_1__2_,routing,0
grid_clb_1__2_,routing,0
grid_clb_1__2_,routing,0
grid_clb_1__2_,routing,0
grid_clb_1__2_,routing,0
grid_clb_1__2_,routing,0
grid_clb_1__2_,routing,0
grid_clb_1__2_,routing,0
grid_clb_1__2_,routing,0
grid_clb_1__2_,routing,0
grid_clb_1__2_,routing,0
grid_clb_1__2_,routing,0
grid_clb_1__2_,routing,0
grid_clb_1__2_,routing,0
grid_clb_1__2_,routing,0
grid_clb_1__2_,routing,0
grid_clb_1__2_,routing,0
grid_clb_1__2_,routing,0
grid_clb_1__2_,routing,0
grid_clb_1__2_,routing,0
grid_clb_1__2_,routing,0
grid_clb_1__2_,routing,0
grid_clb_1__2_,routing,0
grid_clb_1__2_,routing,0
grid_clb_1__2_,routing,0
grid_clb_1__2_,routing,0
grid_clb_1__2_,routing,0
grid_clb_1__2_,routing,0
grid_clb_1__2_,routing,0
grid_clb_1__2_,routing,0
grid_clb_1__2_,routing,0
grid_clb_1__2_,routing,0
grid_clb_1__2_,routing,0
grid_clb_1__2_,routing,0
grid_clb_1__2_,routing,0
grid_clb_1__2_,routing,0
grid_clb_1__2_,routing,0
grid_clb_1__2_,routing,0
grid_clb_1__2_,routing,0
grid_clb_1__2_,routing,0
grid_clb_1__2_,routing,0
grid_clb_1__2_,routing,0
grid_clb_1__2_,routing,0
grid_clb_1__2_,routing,0
grid_clb_1__2_,routing,0
grid_clb_1__2_,routing,0
grid_clb_1__2_,routing,0
grid_clb_1__2_,routing,0
grid_clb_1__2_,routing,0
grid_clb_1__2_,routing,0
grid_clb_1__2_,lut_data,1
grid_clb_1__2_,lut_data,0
grid_clb_1__2_,lut_data,1
grid_clb_1__2_,lut_data,1
grid_clb_1__2_,lut_data,1
grid_clb_1__2_,lut_data,1
grid_clb_1__2_,lut_data,1
grid_clb_1__2_,lut_data,1
grid_clb_1__2_,lut_data,1
grid_clb_1__2_,lut_data,1
grid_clb_1__2_,lut_data,1
grid_clb_1__2_,lut_data,1
grid_clb_1__2_,lut_data,1
grid_clb_1__2_,lut_data,1
grid_clb_1__2_,lut_data,1
grid_clb_1__2_,lut_data,1
grid_clb_1__2_,lut_data,1
grid_clb_1__2_,lut_data,1
grid_clb_1__2_,lut_data,0
grid_clb_1__2_,lut_data,0
grid_clb_1__2_,lut_data,0
grid_clb_1__2_,lut_data,0
grid_clb_1__2_,lut_data,0
grid_clb_1__2_,lut_data,0
grid_clb_1__2_,lut_data,0
grid_clb_1__2_,lut_data,0
grid_clb_1__2_,lut_data,0
grid_clb_1__2_,lut_data,0
grid_clb_1__2_,lut_data,0
grid_clb_1__2_,lut_data,0
grid_clb_1__2_,lut_data,0
grid_clb_1__2_,lut_data,0
grid_clb_1__2_,lut_data,0
grid_clb_1__2_,lut_data,0
grid_clb_1__2_,lut_data,0
grid_clb_1__2_,lut_data,0
grid_clb_1__2_,lut_data,0
grid_clb_1__2_,lut_data,0
grid_clb_1__2_,lut_data,0
grid_clb_1__2_,lut_data,0
grid_clb_1__2_,lut_data,0
grid_clb_1__2_,lut_data,0
grid_clb_1__2_,lut_data,0
grid_clb_1__2_,lut_data,0
grid_clb_1__2_,lut_data,0
grid_clb_1__2_,lut_data,0
grid_clb_1__2_,lut_data,0
grid_clb_1__2_,lut_data,0
grid_clb_1__2_,lut_data,0
grid_clb_1__2_,lut_data,0
grid_clb_1__2_,lut_data,0
grid_clb_1__2_,lut_data,0
grid_clb_1__2_,lut_data,0
grid_clb_1__2_,lut_data,0
grid_clb_1__2_,lut_data,0
grid_clb_1__2_,lut_data,0
grid_clb_1__2_,lut_data,0
grid_clb_1__2_,lut_data,0
grid_clb_1__2_,lut_data,0
grid_clb_1__2_,lut_data,0
grid_clb_1__2_,lut_data,0
grid_clb_1__2_,lut_data,0
grid_clb_1__2_,lut_data,0
grid_clb_1__2_,lut_data,0
grid_clb_1__2_,lut_data,0
grid_clb_1__2_,lut_data,0
grid_clb_1__2_,lut_data,0
grid_clb_1__2_,lut_data,0
grid_clb_1__2_,lut_data,0
grid_clb_1__2_,lut_data,0
grid_clb_1__2_,lut_data,0
grid_clb_1__2_,lut_data,0
cby_1__2_,routing,0
cby_1__2_,routing,0
cby_1__2_,routing,0
cby_1__2_,routing,0
cby_1__2_,routing,0
cby_1__2_,routing,0
cby_1__2_,routing,0
cby_1__2_,routing,0
cby_1__2_,routing,0
cby_1__2_,routing,0
cby_1__2_,routing,0
cby_1__2_,routing,0
cby_1__2_,routing,0
cby_1__2_,routing,1
cby_1__2_,routing,0
cby_1__2_,routing,0
cby_1__2_,routing,0
cby_1__2_,routing,0
cby_1__2_,routing,0
cby_1__2_,routing,0
cbx_1__1_,routing,0
cbx_1__1_,routing,0
cbx_1__1_,routing,1
cbx_1__1_,routing,0
cbx_1__1_,routing,0
cbx_1__1_,routing,1
cbx_1__1_,routing,1
cbx_1__1_,routing,0
cbx_1__1_,routing,0
cbx_1__1_,routing,0
cbx_1__1_,routing,0
cbx_1__1_,routing,0
cbx_1__1_,routing,0
cbx_1__1_,routing,0
cbx_1__1_,routing,0
cbx_1__1_,routing,0
cbx_1__1_,routing,0
cbx_1__1_,routing,0
cbx_1__1_,routing,0
cbx_1__1_,routing,0
sb_1__1_,routing,1
sb_1__1_,routing,0
sb_1__1_,routing,0
sb_1__1_,routing,1
sb_1__1_,routing,0
sb_1__1_,routing,0
sb_1__1_,routing,0
sb_1__1_,routing,0
sb_1__1_,routing,0
sb_1__1_,routing,0
sb_1__1_,routing,0
sb_1__1_,routing,0
sb_1__1_,routing,0
sb_1__1_,routing,0
sb_1__1_,routing,0
sb_1__1_,routing,0
sb_1__1_,routing,0
sb_1__1_,routing,0
sb_1__1_,routing,0
sb_1__1_,routing,0
sb_1__1_,routing,0
sb_1__1_,routing,0
sb_1__1_,routing,0
sb_1__1_,routing,0
sb_1__1_,routing,1
sb_1__1_,routing,1
sb_1__1_,routing,1
sb_1__1_,routing,0
sb_1__1_,routing,0
sb_1__1_,routing,0
sb_1__1_,routing,0
sb_1__1_,routing,0
sb_1__1_,routing,0
sb_1__1_,routing,0
sb_1__1_,routing,0
sb_1__1_,routing,0
sb_1__1_,routing,1
sb_1__1_,routing,0
sb_1__1_,routing,0
sb_1__1_,routing,1
sb_1__1_,routing,0
sb_1__1_,routing,0
sb_1__1_,routing,0
sb_1__1_,routing,0
sb_1__1_,routing,0
sb_1__1_,routing,0
sb_1__1_,routing,0
sb_1__1_,routing,0
sb_1__1_,routing,1
sb_1__1_,routing,0
sb_1__1_,routing,1
sb_1__1_,routing,1
sb_1__1_,routing,0
sb_1__1_,routing,0
sb_1__1_,routing,0
sb_1__1_,routing,0
sb_1__1_,routing,0
sb_1__1_,routing,0
sb_1__1_,routing,0
sb_1__1_,routing,0
sb_1__1_,routing,0
sb_1__1_,routing,0
sb_1__1_,routing,0
sb_1__1_,routing,0
sb_1__1_,routing,0
sb_1__1_,routing,1
sb_1__1_,routing,0
sb_1__1_,routing,0
sb_1__1_,routing,1
sb_1__1_,routing,1
sb_1__1_,routing,1
sb_1__1_,routing,0
sb_1__1_,routing,0
sb_1__1_,routing,1
sb_1__1_,routing,1
sb_1__1_,routing,1
sb_1__1_,routing,1
sb_1__1_,routing,0
sb_1__1_,routing,1
sb_1__1_,routing,0
grid_clb_2__2_,routing,0
grid_clb_2__2_,routing,1
grid_clb_2__2_,routing,1
grid_clb_2__2_,routing,0
grid_clb_2__2_,routing,1
grid_clb_2__2_,routing,1
grid_clb_2__2_,routing,1
grid_clb_2__2_,routing,0
grid_clb_2__2_,routing,1
grid_clb_2__2_,routing,0
grid_clb_2__2_,routing,1
grid_clb_2__2_,routing,0
grid_clb_2__2_,routing,1
grid_clb_2__2_,routing,0
grid_clb_2__2_,routing,0
grid_clb_2__2_,routing,0
grid_clb_2__2_,routing,0
grid_clb_2__2_,routing,1
grid_clb_2__2_,routing,1
grid_clb_2__2_,routing,0
grid_clb_2__2_,routing,1
grid_clb_2__2_,routing,0
grid_clb_2__2_,routing,0
grid_clb_2__2_,routing,0
grid_clb_2__2_,routing,1
grid_clb_2__2_,routing,0
grid_clb_2__2_,routing,1
grid_clb_2__2_,routing,0
grid_clb_2__2_,routing,1
grid_clb_2__2_,routing,1
grid_clb_2__2_,routing,1
grid_clb_2__2_,routing,0
grid_clb_2__2_,routing,0
grid_clb_2__2_,routing,0
grid_clb_2__2_,routing,0
grid_clb_2__2_,routing,0
grid_clb_2__2_,routing,0
grid_clb_2__2_,routing,1
grid_clb_2__2_,routing,1
grid_clb_2__2_,routing,0
grid_clb_2__2_,routing,1
grid_clb_2__2_,routing,0
grid_clb_2__2_,routing,1
grid_clb_2__2_,routing,0
grid_clb_2__2_,routing,1
grid_clb_2__2_,routing,0
grid_clb_2__2_,routing,0
grid_clb_2__2_,routing,0
grid_clb_2__2_,routing,0
grid_clb_2__2_,routing,0
grid_clb_2__2_,routing,0
grid_clb_2__2_,routing,0
grid_clb_2__2_,routing,1
grid_clb_2__2_,routing,0
grid_clb_2__2_,routing,1
grid_clb_2__2_,routing,0
grid_clb_2__2_,routing,1
grid_clb_2__2_,routing,1
grid_clb_2__2_,routing,1
grid_clb_2__2_,routing,0
grid_clb_2__2_,routing,0
grid_clb_2__2_,routing,1
grid_clb_2__2_,routing,1
grid_clb_2__2_,routing,0
grid_clb_2__2_,lut_data,1
grid_clb_2__2_,lut_data,0
grid_clb_2__2_,lut_data,1
grid_clb_2__2_,lut_data,1
grid_clb_2__2_,lut_data,0
grid_clb_2__2_,lut_data,0
grid_clb_2__2_,lut_data,1
grid_clb_2__2_,lut_data,0
grid_clb_2__2_,lut_data,0
grid_clb_2__2_,lut_data,0
grid_clb_2__2_,lut_data,0
grid_clb_2__2_,lut_data,1
grid_clb_2__2_,lut_data,1
grid_clb_2__2_,lut_data,0
grid_clb_2__2_,lut_data,0
grid_clb_2__2_,lut_data,1
grid_clb_2__2_,lut_data,1
grid_clb_2__2_,lut_data,1
grid_clb_2__2_,lut_data,1
grid_clb_2__2_,lut_data,0
grid_clb_2__2_,lut_data,0
grid_clb_2__2_,lut_data,1
grid_clb_2__2_,lut_data,0
grid_clb_2__2_,lut_data,1
grid_clb_2__2_,lut_data,0
grid_clb_2__2_,lut_data,1
grid_clb_2__2_,lut_data,0
grid_clb_2__2_,lut_data,0
grid_clb_2__2_,lut_data,0
grid_clb_2__2_,lut_data,1
grid_clb_2__2_,lut_data,1
grid_clb_2__2_,lut_data,0
grid_clb_2__2_,lut_data,1
grid_clb_2__2_,lut_data,0
grid_clb_2__2_,lut_data,0
grid_clb_2__2_,lut_data,0
grid_clb_2__2_,lut_data,1
grid_clb_2__2_,lut_data,0
grid_clb_2__2_,lut_data,0
grid_clb_2__2_,lut_data,0
grid_clb_2__2_,lut_data,1
grid_clb_2__2_,lut_data,1
grid_clb_2__2_,lut_data,1
grid_clb_2__2_,lut_data,1
grid_clb_2__2_,lut_data,1
grid_clb_2__2_,lut_data,0
grid_clb_2__2_,lut_data,0
grid_clb_2__2_,lut_data,0
grid_clb_2__2_,lut_data,1
grid_clb_2__2_,lut_data,1
grid_clb_2__2_,lut_data,1
grid_clb_2__2_,lut_data,1
grid_clb_2__2_,lut_data,1
grid_clb_2__2_,lut_data,0
grid_clb_2__2_,lut_data,1
grid_clb_2__2_,lut_data,0
grid_clb_2__2_,lut_data,1
grid_clb_2__2_,lut_data,0
grid_clb_2__2_,lut_data,0
grid_clb_2__2_,lut_data,1
grid_clb_2__2_,lut_data,0
grid_clb_2__2_,lut_data,0
grid_clb_2__2_,lut_data,0
grid_clb_2__2_,lut_data,1
grid_clb_2__2_,lut_data,1
grid_clb_2__2_,lut_data,0
grid_clb_2__2_,lut_data,0
grid_clb_2__2_,lut_data,1
grid_clb_2__2_,lut_data,0
grid_clb_2__2_,lut_data,0
grid_clb_2__2_,lut_data,0
grid_clb_2__2_,lut_data,1
cby_2__2_,routing,0
cby_2__2_,routing,0
cby_2__2_,routing,1
cby_2__2_,routing,0
cby_2__2_,routing,0
cby_2__2_,routing,0
cby_2__2_,routing,1
cby_2__2_,routing,0
cby_2__2_,routing,1
cby_2__2_,routing,0
cby_2__2_,routing,0
cby_2__2_,routing,0
cby_2__2_,routing,0
cby_2__2_,routing,0
cby_2__2_,routing,0
cby_2__2_,routing,0
cby_2__2_,routing,0
cby_2__2_,routing,0
cby_2__2_,routing,0
cby_2__2_,routing,0
cby_2__2_,routing,0
cby_2__2_,routing,0
cby_2__2_,routing,0
cby_2__2_,routing,0
cby_2__2_,routing,0
cby_2__2_,routing,0
cby_2__2_,routing,0
cby_2__2_,routing,0
cby_2__2_,routing,0
cby_2__2_,routing,0
cby_2__2_,routing,0
cby_2__2_,routing,0
cby_2__2_,routing,0
cby_2__2_,routing,0
cby_2__2_,routing,0
cby_2__2_,routing,0
cby_2__2_,routing,0
cby_2__2_,routing,0
cby_2__2_,routing,0
cby_2__2_,routing,0
cby_2__2_,routing,1
cby_2__2_,routing,0
cby_2__2_,routing,0
cby_2__2_,routing,0
cbx_2__1_,routing,0
cbx_2__1_,routing,0
cbx_2__1_,routing,0
cbx_2__1_,routing,0
cbx_2__1_,routing,0
cbx_2__1_,routing,0
cbx_2__1_,routing,0
cbx_2__1_,routing,0
cbx_2__1_,routing,0
cbx_2__1_,routing,1
cbx_2__1_,routing,1
cbx_2__1_,routing,0
cbx_2__1_,routing,0
cbx_2__1_,routing,0
cbx_2__1_,routing,0
cbx_2__1_,routing,0
cbx_2__1_,routing,0
cbx_2__1_,routing,0
cbx_2__1_,routing,0
cbx_2__1_,routing,0
sb_2__1_,routing,0
sb_2__1_,routing,0
sb_2__1_,routing,1
sb_2__1_,routing,0
sb_2__1_,routing,1
sb_2__1_,routing,0
sb_2__1_,routing,0
sb_2__1_,routing,0
sb_2__1_,routing,0
sb_2__1_,routing,0
sb_2__1_,routing,1
sb_2__1_,routing,1
sb_2__1_,routing,0
sb_2__1_,routing,0
sb_2__1_,routing,0
sb_2__1_,routing,0
sb_2__1_,routing,0
sb_2__1_,routing,0
sb_2__1_,routing,0
sb_2__1_,routing,1
sb_2__1_,routing,0
sb_2__1_,routing,0
sb_2__1_,routing,1
sb_2__1_,routing,1
sb_2__1_,routing,0
sb_2__1_,routing,0
sb_2__1_,routing,0
sb_2__1_,routing,0
sb_2__1_,routing,1
sb_2__1_,routing,0
sb_2__1_,routing,0
sb_2__1_,routing,0
sb_2__1_,routing,0
sb_2__1_,routing,0
sb_2__1_,routing,0
sb_2__1_,routing,0
sb_2__1_,routing,0
sb_2__1_,routing,1
sb_2__1_,routing,0
sb_2__1_,routing,0
sb_2__1_,routing,0
sb_2__1_,routing,0
sb_2__1_,routing,0
sb_2__1_,routing,0
sb_2__1_,routing,0
sb_2__1_,routing,0
sb_2__1_,routing,0
sb_2__1_,routing,0
sb_2__1_,routing,0
sb_2__1_,routing,1
sb_2__1_,routing,1
sb_2__1_,routing,0
sb_2__1_,routing,0
sb_2__1_,routing,0
sb_2__1_,routing,0
sb_2__1_,routing,0
sb_2__1_,routing,0
sb_2__1_,routing,0
sb_2__1_,routing,0
sb_2__1_,routing,0
sb_2__1_,routing,0
sb_2__1_,routing,0
sb_2__1_,routing,0
sb_2__1_,routing,0
sb_2__1_,routing,0
sb_2__1_,routing,0
sb_2__1_,routing,1
sb_2__1_,routing,0
sb_2__1_,routing,1
sb_2__1_,routing,1
sb_2__1_,routing,1
sb_2__1_,routing,1
sb_2__1_,routing,0
sb_2__1_,routing,0
sb_2__1_,routing,0
sb_2__1_,routing,0
sb_2__1_,routing,0
sb_2__1_,routing,0
sb_2__1_,routing,0
sb_2__1_,routing,0
grid_clb_2__1_,routing,1
grid_clb_2__1_,routing,0
grid_clb_2__1_,routing,0
grid_clb_2__1_,routing,1
grid_clb_2__1_,routing,0
grid_clb_2__1_,routing,0
grid_clb_2__1_,routing,0
grid_clb_2__1_,routing,0
grid_clb_2__1_,routing,0
grid_clb_2__1_,routing,1
grid_clb_2__1_,routing,1
grid_clb_2__1_,routing,0
grid_clb_2__1_,routing,1
grid_clb_2__1_,routing,1
grid_clb_2__1_,routing,1
grid_clb_2__1_,routing,1
grid_clb_2__1_,routing,1
grid_clb_2__1_,routing,1
grid_clb_2__1_,routing,1
grid_clb_2__1_,routing,1
grid_clb_2__1_,routing,1
grid_clb_2__1_,routing,0
grid_clb_2__1_,routing,0
grid_clb_2__1_,routing,1
grid_clb_2__1_,routing,0
grid_clb_2__1_,routing,1
grid_clb_2__1_,routing,1
grid_clb_2__1_,routing,0
grid_clb_2__1_,routing,0
grid_clb_2__1_,routing,0
grid_clb_2__1_,routing,0
grid_clb_2__1_,routing,0
grid_clb_2__1_,routing,0
grid_clb_2__1_,routing,0
grid_clb_2__1_,routing,0
grid_clb_2__1_,routing,0
grid_clb_2__1_,routing,1
grid_clb_2__1_,routing,1
grid_clb_2__1_,routing,1
grid_clb_2__1_,routing,1
grid_clb_2__1_,routing,0
grid_clb_2__1_,routing,0
grid_clb_2__1_,routing,0
grid_clb_2__1_,routing,0
grid_clb_2__1_,routing,1
grid_clb_2__1_,routing,0
grid_clb_2__1_,routing,0
grid_clb_2__1_,routing,1
grid_clb_2__1_,routing,1
grid_clb_2__1_,routing,0
grid_clb_2__1_,routing,0
grid_clb_2__1_,routing,1
grid_clb_2__1_,routing,0
grid_clb_2__1_,routing,0
grid_clb_2__1_,routing,0
grid_clb_2__1_,routing,0
grid_clb_2__1_,routing,1
grid_clb_2__1_,routing,1
grid_clb_2__1_,routing,1
grid_clb_2__1_,routing,1
grid_clb_2__1_,routing,0
grid_clb_2__1_,routing,0
grid_clb_2__1_,routing,0
grid_clb_2__1_,routing,0
grid_clb_2__1_,lut_data,1
grid_clb_2__1_,lut_data,0
grid_clb_2__1_,lut_data,1
grid_clb_2__1_,lut_data,1
grid_clb_2__1_,lut_data,0
grid_clb_2__1_,lut_data,1
grid_clb_2__1_,lut_data,1
grid_clb_2__1_,lut_data,1
grid_clb_2__1_,lut_data,0
grid_clb_2__1_,lut_data,1
grid_clb_2__1_,lut_data,0
grid_clb_2__1_,lut_data,1
grid_clb_2__1_,lut_data,1
grid_clb_2__1_,lut_data,0
grid_clb_2__1_,lut_data,0
grid_clb_2__1_,lut_data,1
grid_clb_2__1_,lut_data,1
grid_clb_2__1_,lut_data,0
grid_clb_2__1_,lut_data,1
grid_clb_2__1_,lut_data,0
grid_clb_2__1_,lut_data,0
grid_clb_2__1_,lut_data,0
grid_clb_2__1_,lut_data,1
grid_clb_2__1_,lut_data,1
grid_clb_2__1_,lut_data,1
grid_clb_2__1_,lut_data,1
grid_clb_2__1_,lut_data,1
grid_clb_2__1_,lut_data,1
grid_clb_2__1_,lut_data,0
grid_clb_2__1_,lut_data,0
grid_clb_2__1_,lut_data,0
grid_clb_2__1_,lut_data,0
grid_clb_2__1_,lut_data,0
grid_clb_2__1_,lut_data,0
grid_clb_2__1_,lut_data,0
grid_clb_2__1_,lut_data,0
grid_clb_2__1_,lut_data,1
grid_clb_2__1_,lut_data,0
grid_clb_2__1_,lut_data,0
grid_clb_2__1_,lut_data,0
grid_clb_2__1_,lut_data,0
grid_clb_2__1_,lut_data,0
grid_clb_2__1_,lut_data,0
grid_clb_2__1_,lut_data,1
grid_clb_2__1_,lut_data,0
grid_clb_2__1_,lut_data,1
grid_clb_2__1_,lut_data,0
grid_clb_2__1_,lut_data,0
grid_clb_2__1_,lut_data,0
grid_clb_2__1_,lut_data,0
grid_clb_2__1_,lut_data,0
grid_clb_2__1_,lut_data,1
grid_clb_2__1_,lut_data,0
grid_clb_2__1_,lut_data,1
grid_clb_2__1_,lut_data,1
grid_clb_2__1_,lut_data,0
grid_clb_2__1_,lut_data,1
grid_clb_2__1_,lut_data,1
grid_clb_2__1_,lut_data,0
grid_clb_2__1_,lut_data,0
grid_clb_2__1_,lut_data,1
grid_clb_2__1_,lut_data,1
grid_clb_2__1_,lut_data,0
grid_clb_2__1_,lut_data,0
grid_clb_2__1_,lut_data,0
grid_clb_2__1_,lut_data,0
grid_clb_2__1_,lut_data,1
grid_clb_2__1_,lut_data,1
grid_clb_2__1_,lut_data,0
grid_clb_2__1_,lut_data,0
grid_clb_2__1_,lut_data,1
grid_clb_2__1_,lut_data,1
cby_2__1_,routing,1
cby_2__1_,routing,1
cby_2__1_,routing,1
cby_2__1_,routing,0
cby_2__1_,routing,0
cby_2__1_,routing,0
cby_2__1_,routing,0
cby_2__1_,routing,0
cby_2__1_,routing,0
cby_2__1_,routing,0
cby_2__1_,routing,0
cby_2__1_,routing,0
cby_2__1_,routing,0
cby_2__1_,routing,0
cby_2__1_,routing,0
cby_2__1_,routing,0
cby_2__1_,routing,0
cby_2__1_,routing,0
cby_2__1_,routing,0
cby_2__1_,routing,0
cby_2__1_,routing,1
cby_2__1_,routing,1
cby_2__1_,routing,1
cby_2__1_,routing,0
cby_2__1_,routing,0
cby_2__1_,routing,0
cby_2__1_,routing,0
cby_2__1_,routing,0
cby_2__1_,routing,0
cby_2__1_,routing,0
cby_2__1_,routing,0
cby_2__1_,routing,0
cby_2__1_,routing,0
cby_2__1_,routing,1
cby_2__1_,routing,1
cby_2__1_,routing,0
cby_2__1_,routing,0
cby_2__1_,routing,0
cby_2__1_,routing,0
cby_2__1_,routing,0
cby_2__1_,routing,0
cby_2__1_,routing,0
cby_2__1_,routing,0
cby_2__1_,routing,0
cbx_2__0_,routing,0
cbx_2__0_,routing,0
cbx_2__0_,routing,0
cbx_2__0_,routing,0
cbx_2__0_,routing,0
cbx_2__0_,routing,0
cbx_2__0_,routing,0
cbx_2__0_,routing,0
cbx_2__0_,routing,0
cbx_2__0_,routing,0
cbx_2__0_,routing,0
cbx_2__0_,routing,0
cbx_2__0_,routing,1
cbx_2__0_,routing,1
cbx_2__0_,routing,0
cbx_2__0_,routing,0
cbx_2__0_,routing,0
cbx_2__0_,routing,0
cbx_2__0_,routing,0
cbx_2__0_,routing,0
cbx_2__0_,routing,0
cbx_2__0_,routing,1
cbx_2__0_,routing,1
cbx_2__0_,routing,0
cbx_2__0_,routing,0
cbx_2__0_,routing,0
cbx_2__0_,routing,0
cbx_2__0_,routing,0
cbx_2__0_,routing,0
cbx_2__0_,routing,0
cbx_2__0_,routing,0
cbx_2__0_,routing,0
cbx_2__0_,routing,1
cbx_2__0_,routing,0
cbx_2__0_,routing,0
cbx_2__0_,routing,0
cbx_2__0_,routing,0
cbx_2__0_,routing,0
cbx_2__0_,routing,0
cbx_2__0_,routing,0
sb_2__0_,routing,0
sb_2__0_,routing,0
sb_2__0_,routing,0
sb_2__0_,routing,0
sb_2__0_,routing,0
sb_2__0_,routing,0
sb_2__0_,routing,0
sb_2__0_,routing,0
sb_2__0_,routing,0
sb_2__0_,routing,0
sb_2__0_,routing,0
sb_2__0_,routing,0
sb_2__0_,routing,0
sb_2__0_,routing,0
sb_2__0_,routing,0
sb_2__0_,routing,0
sb_2__0_,routing,1
sb_2__0_,routing,0
sb_2__0_,routing,0
sb_2__0_,routing,0
sb_2__0_,routing,0
sb_2__0_,routing,0
sb_2__0_,routing,0
sb_2__0_,routing,0
sb_2__0_,routing,0
sb_2__0_,routing,0
sb_2__0_,routing,0
sb_2__0_,routing,0
sb_2__0_,routing,0
sb_2__0_,routing,0
sb_2__0_,routing,0
sb_2__0_,routing,0
sb_2__0_,routing,0
sb_2__0_,routing,0
sb_2__0_,routing,0
sb_2__0_,routing,0
sb_2__0_,routing,0
sb_2__0_,routing,0
sb_2__0_,routing,0
sb_2__0_,routing,0
sb_2__0_,routing,0
sb_2__0_,routing,0
sb_2__0_,routing,0
sb_2__0_,routing,0
sb_2__0_,routing,0
sb_2__0_,routing,0
sb_2__0_,routing,0
sb_2__0_,routing,0
sb_2__0_,routing,0
sb_2__0_,routing,0
sb_2__0_,routing,0
sb_2__0_,routing,0
sb_2__0_,routing,1
sb_2__0_,routing,1
sb_2__0_,routing,0
sb_2__0_,routing,0
sb_2__0_,routing,0
sb_2__0_,routing,0
sb_2__0_,routing,0
sb_2__0_,routing,0
sb_2__0_,routing,0
sb_2__0_,routing,0
sb_2__0_,routing,0
sb_2__0_,routing,0
sb_2__0_,routing,0
sb_2__0_,routing,0
sb_2__0_,routing,0
sb_2__0_,routing,0
sb_2__0_,routing,0
sb_2__0_,routing,0
sb_2__0_,routing,1
sb_2__0_,routing,0
grid_clb_1__1_,routing,0
grid_clb_1__1_,routing,0
grid_clb_1__1_,routing,0
grid_clb_1__1_,routing,0
grid_clb_1__1_,routing,0
grid_clb_1__1_,routing,1
grid_clb_1__1_,routing,1
grid_clb_1__1_,routing,1
grid_clb_1__1_,routing,1
grid_clb_1__1_,routing,1
grid_clb_1__1_,routing,1
grid_clb_1__1_,routing,0
grid_clb_1__1_,routing,1
grid_clb_1__1_,routing,0
grid_clb_1__1_,routing,1
grid_clb_1__1_,routing,1
grid_clb_1__1_,routing,0
grid_clb_1__1_,routing,1
grid_clb_1__1_,routing,1
grid_clb_1__1_,routing,1
grid_clb_1__1_,routing,0
grid_clb_1__1_,routing,0
grid_clb_1__1_,routing,0
grid_clb_1__1_,routing,0
grid_clb_1__1_,routing,0
grid_clb_1__1_,routing,0
grid_clb_1__1_,routing,0
grid_clb_1__1_,routing,0
grid_clb_1__1_,routing,0
grid_clb_1__1_,routing,0
grid_clb_1__1_,routing,0
grid_clb_1__1_,routing,0
grid_clb_1__1_,routing,1
grid_clb_1__1_,routing,1
grid_clb_1__1_,routing,0
grid_clb_1__1_,routing,1
grid_clb_1__1_,routing,0
grid_clb_1__1_,routing,0
grid_clb_1__1_,routing,0
grid_clb_1__1_,routing,0
grid_clb_1__1_,routing,0
grid_clb_1__1_,routing,1
grid_clb_1__1_,routing,1
grid_clb_1__1_,routing,1
grid_clb_1__1_,routing,1
grid_clb_1__1_,routing,1
grid_clb_1__1_,routing,1
grid_clb_1__1_,routing,0
grid_clb_1__1_,routing,1
grid_clb_1__1_,routing,1
grid_clb_1__1_,routing,0
grid_clb_1__1_,routing,1
grid_clb_1__1_,routing,0
grid_clb_1__1_,routing,0
grid_clb_1__1_,routing,0
grid_clb_1__1_,routing,0
grid_clb_1__1_,routing,0
grid_clb_1__1_,routing,0
grid_clb_1__1_,routing,0
grid_clb_1__1_,routing,0
grid_clb_1__1_,routing,0
grid_clb_1__1_,routing,0
grid_clb_1__1_,routing,0
grid_clb_1__1_,routing,0
grid_clb_1__1_,lut_data,1
grid_clb_1__1_,lut_data,0
grid_clb_1__1_,lut_data,0
grid_clb_1__1_,lut_data,1
grid_clb_1__1_,lut_data,0
grid_clb_1__1_,lut_data,0
grid_clb_1__1_,lut_data,0
grid_clb_1__1_,lut_data,0
grid_clb_1__1_,lut_data,0
grid_clb_1__1_,lut_data,0
grid_clb_1__1_,lut_data,0
grid_clb_1__1_,lut_data,1
grid_clb_1__1_,lut_data,0
grid_clb_1__1_,lut_data,0
grid_clb_1__1_,lut_data,0
grid_clb_1__1_,lut_data,0
grid_clb_1__1_,lut_data,0
grid_clb_1__1_,lut_data,0
grid_clb_1__1_,lut_data,1
grid_clb_1__1_,lut_data,0
grid_clb_1__1_,lut_data,1
grid_clb_1__1_,lut_data,1
grid_clb_1__1_,lut_data,1
grid_clb_1__1_,lut_data,1
grid_clb_1__1_,lut_data,1
grid_clb_1__1_,lut_data,1
grid_clb_1__1_,lut_data,1
grid_clb_1__1_,lut_data,1
grid_clb_1__1_,lut_data,0
grid_clb_1__1_,lut_data,0
grid_clb_1__1_,lut_data,0
grid_clb_1__1_,lut_data,0
grid_clb_1__1_,lut_data,0
grid_clb_1__1_,lut_data,0
grid_clb_1__1_,lut_data,0
grid_clb_1__1_,lut_data,0
grid_clb_1__1_,lut_data,1
grid_clb_1__1_,lut_data,0
grid_clb_1__1_,lut_data,0
grid_clb_1__1_,lut_data,0
grid_clb_1__1_,lut_data,0
grid_clb_1__1_,lut_data,1
grid_clb_1__1_,lut_data,0
grid_clb_1__1_,lut_data,0
grid_clb_1__1_,lut_data,0
grid_clb_1__1_,lut_data,1
grid_clb_1__1_,lut_data,1
grid_clb_1__1_,lut_data,1
grid_clb_1__1_,lut_data,1
grid_clb_1__1_,lut_data,1
grid_clb_1__1_,lut_data,1
grid_clb_1__1_,lut_data,1
grid_clb_1__1_,lut_data,1
grid_clb_1__1_,lut_data,1
grid_clb_1__1_,lut_data,1
grid_clb_1__1_,lut_data,0
grid_clb_1__1_,lut_data,1
grid_clb_1__1_,lut_data,1
grid_clb_1__1_,lut_data,1
grid_clb_1__1_,lut_data,1
grid_clb_1__1_,lut_data,1
grid_clb_1__1_,lut_data,1
grid_clb_1__1_,lut_data,1
grid_clb_1__1_,lut_data,1
grid_clb_1__1_,lut_data,0
grid_clb_1__1_,lut_data,0
grid_clb_1__1_,lut_data,0
grid_clb_1__1_,lut_data,0
grid_clb_1__1_,lut_data,0
grid_clb_1__1_,lut_data,0
grid_clb_1__1_,lut_data,0
grid_clb_1__1_,lut_data,0
cby_1__1_,routing,0
cby_1__1_,routing,0
cby_1__1_,routing,0
cby_1__1_,routing,0
cby_1__1_,routing,0
cby_1__1_,routing,0
cby_1__1_,routing,0
cby_1__1_,routing,0
cby_1__1_,routing,1
cby_1__1_,routing,1
cby_1__1_,routing,1
cby_1__1_,routing,0
cby_1__1_,routing,0
cby_1__1_,routing,0
cby_1__1_,routing,0
cby_1__1_,routing,0
cby_1__1_,routing,0
cby_1__1_,routing,0
cby_1__1_,routing,0
cby_1__1_,routing,0
cbx_1__0_,routing,1
cbx_1__0_,routing,0
cbx_1__0_,routing,0
cbx_1__0_,routing,0
cbx_1__0_,routing,0
cbx_1__0_,routing,0
cbx_1__0_,routing,0
cbx_1__0_,routing,0
cbx_1__0_,routing,0
cbx_1__0_,routing,0
cbx_1__0_,routing,0
cbx_1__0_,routing,0
cbx_1__0_,routing,0
cbx_1__0_,routing,0
cbx_1__0_,routing,0
cbx_1__0_,routing,0
cbx_1__0_,routing,0
cbx_1__0_,routing,0
cbx_1__0_,routing,0
cbx_1__0_,routing,0
cbx_1__0_,routing,0
cbx_1__0_,routing,0
cbx_1__0_,routing,0
cbx_1__0_,routing,0
cbx_1__0_,routing,0
cbx_1__0_,routing,0
cbx_1__0_,routing,0
cbx_1__0_,routing,0
cbx_1__0_,routing,1
cbx_1__0_,routing,1
cbx_1__0_,routing,1
cbx_1__0_,routing,0
cbx_1__0_,routing,0
cbx_1__0_,routing,0
cbx_1__0_,routing,0
cbx_1__0_,routing,0
cbx_1__0_,routing,1
cbx_1__0_,routing,0
cbx_1__0_,routing,0
cbx_1__0_,routing,0
sb_1__0_,routing,0
sb_1__0_,routing,0
sb_1__0_,routing,0
sb_1__0_,routing,0
sb_1__0_,routing,1
sb_1__0_,routing,1
sb_1__0_,routing,0
sb_1__0_,routing,1
sb_1__0_,routing,0
sb_1__0_,routing,0
sb_1__0_,routing,0
sb_1__0_,routing,0
sb_1__0_,routing,0
sb_1__0_,routing,0
sb_1__0_,routing,0
sb_1__0_,routing,0
sb_1__0_,routing,1
sb_1__0_,routing,1
sb_1__0_,routing,0
sb_1__0_,routing,1
sb_1__0_,routing,0
sb_1__0_,routing,0
sb_1__0_,routing,0
sb_1__0_,routing,0
sb_1__0_,routing,0
sb_1__0_,routing,0
sb_1__0_,routing,0
sb_1__0_,routing,0
sb_1__0_,routing,0
sb_1__0_,routing,0
sb_1__0_,routing,0
sb_1__0_,routing,0
sb_1__0_,routing,0
sb_1__0_,routing,0
sb_1__0_,routing,0
sb_1__0_,routing,0
sb_1__0_,routing,0
sb_1__0_,routing,1
sb_1__0_,routing,1
sb_1__0_,routing,0
sb_1__0_,routing,0
sb_1__0_,routing,0
sb_1__0_,routing,0
sb_1__0_,routing,1
sb_1__0_,routing,1
sb_1__0_,routing,0
sb_1__0_,routing,0
sb_1__0_,routing,0
sb_1__0_,routing,0
sb_1__0_,routing,0
sb_1__0_,routing,0
sb_1__0_,routing,0
sb_1__0_,routing,0
sb_1__0_,routing,0
sb_1__0_,routing,0
sb_1__0_,routing,0
sb_1__0_,routing,0
sb_1__0_,routing,0
sb_1__0_,routing,0
sb_1__0_,routing,0
sb_1__0_,routing,0
sb_1__0_,routing,0
sb_1__0_,routing,0
sb_1__0_,routing,0
sb_1__0_,routing,0
sb_1__0_,routing,0
sb_1__0_,routing,0
sb_1__0_,routing,0
sb_1__0_,routing,0
sb_1__0_,routing,1
sb_1__0_,routing,1
sb_1__0_,routing,1
sb_1__0_,routing,1
sb_1__0_,routing,1
grid_io_left_0__1_,routing,0
grid_io_left_0__1_,routing,0
grid_io_left_0__1_,routing,1
grid_io_left_0__1_,routing,1
grid_io_left_0__1_,routing,1
grid_io_left_0__1_,routing,1
grid_io_left_0__1_,routing,1
grid_io_left_0__1_,routing,0
cby_0__1_,routing,0
cby_0__1_,routing,0
cby_0__1_,routing,1
cby_0__1_,routing,0
cby_0__1_,routing,1
cby_0__1_,routing,0
cby_0__1_,routing,0
cby_0__1_,routing,0
cby_0__1_,routing,0
cby_0__1_,routing,0
cby_0__1_,routing,0
cby_0__1_,routing,0
cby_0__1_,routing,0
cby_0__1_,routing,0
cby_0__1_,routing,0
cby_0__1_,routing,0
cby_0__1_,routing,0
cby_0__1_,routing,0
cby_0__1_,routing,0
cby_0__1_,routing,0
cby_0__1_,routing,0
cby_0__1_,routing,0
cby_0__1_,routing,0
cby_0__1_,routing,0
cby_0__1_,routing,0
cby_0__1_,routing,0
cby_0__1_,routing,0
cby_0__1_,routing,0
cby_0__1_,routing,1
cby_0__1_,routing,1
cby_0__1_,routing,1
cby_0__1_,routing,0
cby_0__1_,routing,0
cby_0__1_,routing,0
cby_0__1_,routing,0
cby_0__1_,routing,0
cby_0__1_,routing,0
cby_0__1_,routing,0
cby_0__1_,routing,0
cby_0__1_,routing,0
sb_0__0_,routing,0
sb_0__0_,routing,0
sb_0__0_,routing,0
sb_0__0_,routing,0
sb_0__0_,routing,0
sb_0__0_,routing,0
sb_0__0_,routing,0
sb_0__0_,routing,0
sb_0__0_,routing,0
sb_0__0_,routing,0
sb_0__0_,routing,0
sb_0__0_,routing,0
sb_0__0_,routing,1
sb_0__0_,routing,0
sb_0__0_,routing,0
sb_0__0_,routing,0
sb_0__0_,routing,0
sb_0__0_,routing,0
sb_0__0_,routing,0
sb_0__0_,routing,0
sb_0__0_,routing,0
sb_0__0_,routing,0
sb_0__0_,routing,0
sb_0__0_,routing,0
sb_0__0_,routing,1
sb_0__0_,routing,1
sb_0__0_,routing,0
sb_0__0_,routing,0
sb_0__0_,routing,0
sb_0__0_,routing,0
sb_0__0_,routing,1
sb_0__0_,routing,0
sb_0__0_,routing,0
sb_0__0_,routing,0
sb_0__0_,routing,1
sb_0__0_,routing,0
sb_0__0_,routing,0
sb_0__0_,routing,0
sb_0__0_,routing,0
sb_0__0_,routing,0
sb_0__0_,routing,0
sb_0__0_,routing,0
sb_0__0_,routing,0
sb_0__0_,routing,0
sb_0__0_,routing,0
sb_0__0_,routing,0
sb_0__0_,routing,0
sb_0__0_,routing,0
sb_0__0_,routing,0
sb_0__0_,routing,0
sb_0__0_,routing,1
sb_0__0_,routing,0
sb_0__0_,routing,0
sb_0__0_,routing,0
sb_0__0_,routing,1
sb_0__0_,routing,1
sb_0__0_,routing,0
sb_0__0_,routing,0
sb_0__0_,routing,0
sb_0__0_,routing,0
sb_0__0_,routing,0
sb_0__0_,routing,0
sb_0__0_,routing,0
sb_0__0_,routing,0
sb_0__0_,routing,0
sb_0__0_,routing,0
sb_0__0_,routing,0
sb_0__0_,routing,0
sb_0__0_,routing,0
sb_0__0_,routing,0
sb_0__0_,routing,0
sb_0__0_,routing,0
grid_io_left_0__2_,routing,1
grid_io_left_0__2_,routing,1
grid_io_left_0__2_,routing,1
grid_io_left_0__2_,routing,1
grid_io_left_0__2_,routing,1
grid_io_left_0__2_,routing,1
grid_io_left_0__2_,routing,1
grid_io_left_0__2_,routing,1
cby_0__2_,routing,0
cby_0__2_,routing,0
cby_0__2_,routing,0
cby_0__2_,routing,0
cby_0__2_,routing,0
cby_0__2_,routing,0
cby_0__2_,routing,0
cby_0__2_,routing,0
cby_0__2_,routing,0
cby_0__2_,routing,0
cby_0__2_,routing,0
cby_0__2_,routing,0
cby_0__2_,routing,0
cby_0__2_,routing,0
cby_0__2_,routing,0
cby_0__2_,routing,0
cby_0__2_,routing,0
cby_0__2_,routing,0
cby_0__2_,routing,0
cby_0__2_,routing,0
cby_0__2_,routing,0
cby_0__2_,routing,0
cby_0__2_,routing,0
cby_0__2_,routing,0
cby_0__2_,routing,0
cby_0__2_,routing,0
cby_0__2_,routing,0
cby_0__2_,routing,0
cby_0__2_,routing,0
cby_0__2_,routing,0
cby_0__2_,routing,0
cby_0__2_,routing,0
cby_0__2_,routing,0
cby_0__2_,routing,0
cby_0__2_,routing,0
cby_0__2_,routing,0
cby_0__2_,routing,0
cby_0__2_,routing,0
cby_0__2_,routing,0
cby_0__2_,routing,0
sb_0__1_,routing,0
sb_0__1_,routing,0
sb_0__1_,routing,0
sb_0__1_,routing,0
sb_0__1_,routing,0
sb_0__1_,routing,0
sb_0__1_,routing,0
sb_0__1_,routing,0
sb_0__1_,routing,1
sb_0__1_,routing,0
sb_0__1_,routing,1
sb_0__1_,routing,0
sb_0__1_,routing,1
sb_0__1_,routing,1
sb_0__1_,routing,0
sb_0__1_,routing,0
sb_0__1_,routing,1
sb_0__1_,routing,1
sb_0__1_,routing,1
sb_0__1_,routing,0
sb_0__1_,routing,0
sb_0__1_,routing,0
sb_0__1_,routing,0
sb_0__1_,routing,0
sb_0__1_,routing,1
sb_0__1_,routing,0
sb_0__1_,routing,0
sb_0__1_,routing,0
sb_0__1_,routing,0
sb_0__1_,routing,0
sb_0__1_,routing,0
sb_0__1_,routing,0
sb_0__1_,routing,0
sb_0__1_,routing,0
sb_0__1_,routing,1
sb_0__1_,routing,0
sb_0__1_,routing,0
sb_0__1_,routing,0
sb_0__1_,routing,0
sb_0__1_,routing,0
sb_0__1_,routing,0
sb_0__1_,routing,0
sb_0__1_,routing,0
sb_0__1_,routing,0
sb_0__1_,routing,0
sb_0__1_,routing,0
sb_0__1_,routing,1
sb_0__1_,routing,0
sb_0__1_,routing,0
sb_0__1_,routing,0
sb_0__1_,routing,0
sb_0__1_,routing,0
sb_0__1_,routing,0
sb_0__1_,routing,0
sb_0__1_,routing,0
sb_0__1_,routing,0
sb_0__1_,routing,1
sb_0__1_,routing,0
sb_0__1_,routing,0
sb_0__1_,routing,0
sb_0__1_,routing,0
sb_0__1_,routing,0
sb_0__1_,routing,0
sb_0__1_,routing,0
sb_0__1_,routing,0
sb_0__1_,routing,0
sb_0__1_,routing,0
sb_0__1_,routing,0
sb_0__1_,routing,0
sb_0__1_,routing,0
sb_0__1_,routing,0
sb_0__1_,routing,0
sb_0__1_,routing,0
sb_0__1_,routing,0
sb_0__1_,routing,0
sb_0__1_,routing,0
sb_0__2_,routing,0
sb_0__2_,routing,0
sb_0__2_,routing,0
sb_0__2_,routing,0
sb_0__2_,routing,0
sb_0__2_,routing,0
sb_0__2_,routing,0
sb_0__2_,routing,0
sb_0__2_,routing,1
sb_0__2_,routing,1
sb_0__2_,routing,0
sb_0__2_,routing,0
sb_0__2_,routing,0
sb_0__2_,routing,0
sb_0__2_,routing,0
sb_0__2_,routing,0
sb_0__2_,routing,0
sb_0__2_,routing,0
sb_0__2_,routing,0
sb_0__2_,routing,0
sb_0__2_,routing,0
sb_0__2_,routing,0
sb_0__2_,routing,1
sb_0__2_,routing,1
sb_0__2_,routing,0
sb_0__2_,routing,0
sb_0__2_,routing,0
sb_0__2_,routing,0
sb_0__2_,routing,0
sb_0__2_,routing,0
sb_0__2_,routing,0
sb_0__2_,routing,0
sb_0__2_,routing,0
sb_0__2_,routing,0
sb_0__2_,routing,0
sb_0__2_,routing,0
sb_0__2_,routing,0
sb_0__2_,routing,0
sb_0__2_,routing,0
sb_0__2_,routing,0
sb_0__2_,routing,0
sb_0__2_,routing,0
sb_0__2_,routing,0
sb_0__2_,routing,0
sb_0__2_,routing,0
sb_0__2_,routing,0
sb_0__2_,routing,0
sb_0__2_,routing,0
sb_0__2_,routing,0
sb_0__2_,routing,0
sb_0__2_,routing,0
sb_0__2_,routing,0
sb_0__2_,routing,0
sb_0__2_,routing,0
sb_0__2_,routing,0
sb_0__2_,routing,0
sb_0__2_,routing,0
sb_0__2_,routing,0
sb_0__2_,routing,0
sb_0__2_,routing,0
sb_0__2_,routing,0
sb_0__2_,routing,0
sb_0__2_,routing,0
sb_0__2_,routing,0
sb_0__2_,routing,0
sb_0__2_,routing,0
sb_0__2_,routing,1
sb_0__2_,routing,0
sb_0__2_,routing,0
sb_0__2_,routing,0
sb_0__2_,routing,0
sb_0__2_,routing,0
grid_io_top_1__3_,routing,1
grid_io_top_1__3_,routing,1
grid_io_top_1__3_,routing,1
grid_io_top_1__3_,routing,0
grid_io_top_1__3_,routing,0
grid_io_top_1__3_,routing,1
grid_io_top_1__3_,routing,1
grid_io_top_1__3_,routing,1
cbx_1__2_,routing,0
cbx_1__2_,routing,0
cbx_1__2_,routing,0
cbx_1__2_,routing,0
cbx_1__2_,routing,0
cbx_1__2_,routing,0
cbx_1__2_,routing,0
cbx_1__2_,routing,0
cbx_1__2_,routing,0
cbx_1__2_,routing,0
cbx_1__2_,routing,0
cbx_1__2_,routing,0
cbx_1__2_,routing,0
cbx_1__2_,routing,0
cbx_1__2_,routing,0
cbx_1__2_,routing,0
cbx_1__2_,routing,0
cbx_1__2_,routing,0
cbx_1__2_,routing,0
cbx_1__2_,routing,0
cbx_1__2_,routing,0
cbx_1__2_,routing,0
cbx_1__2_,routing,0
cbx_1__2_,routing,0
cbx_1__2_,routing,0
cbx_1__2_,routing,0
cbx_1__2_,routing,0
cbx_1__2_,routing,0
cbx_1__2_,routing,1
cbx_1__2_,routing,0
cbx_1__2_,routing,1
cbx_1__2_,routing,0
cbx_1__2_,routing,0
cbx_1__2_,routing,0
cbx_1__2_,routing,0
cbx_1__2_,routing,0
cbx_1__2_,routing,0
cbx_1__2_,routing,0
cbx_1__2_,routing,0
cbx_1__2_,routing,0
cbx_1__2_,routing,0
cbx_1__2_,routing,0
cbx_1__2_,routing,0
cbx_1__2_,routing,0
sb_1__2_,routing,0
sb_1__2_,routing,0
sb_1__2_,routing,0
sb_1__2_,routing,0
sb_1__2_,routing,1
sb_1__2_,routing,0
sb_1__2_,routing,0
sb_1__2_,routing,0
sb_1__2_,routing,0
sb_1__2_,routing,0
sb_1__2_,routing,0
sb_1__2_,routing,0
sb_1__2_,routing,1
sb_1__2_,routing,1
sb_1__2_,routing,0
sb_1__2_,routing,0
sb_1__2_,routing,0
sb_1__2_,routing,0
sb_1__2_,routing,0
sb_1__2_,routing,0
sb_1__2_,routing,0
sb_1__2_,routing,0
sb_1__2_,routing,0
sb_1__2_,routing,0
sb_1__2_,routing,0
sb_1__2_,routing,0
sb_1__2_,routing,0
sb_1__2_,routing,0
sb_1__2_,routing,0
sb_1__2_,routing,0
sb_1__2_,routing,0
sb_1__2_,routing,0
sb_1__2_,routing,0
sb_1__2_,routing,0
sb_1__2_,routing,0
sb_1__2_,routing,0
sb_1__2_,routing,0
sb_1__2_,routing,0
sb_1__2_,routing,1
sb_1__2_,routing,0
sb_1__2_,routing,1
sb_1__2_,routing,1
sb_1__2_,routing,0
sb_1__2_,routing,0
sb_1__2_,routing,0
sb_1__2_,routing,0
sb_1__2_,routing,0
sb_1__2_,routing,0
sb_1__2_,routing,0
sb_1__2_,routing,0
sb_1__2_,routing,0
sb_1__2_,routing,0
sb_1__2_,routing,0
sb_1__2_,routing,0
sb_1__2_,routing,0
sb_1__2_,routing,0
sb_1__2_,routing,0
sb_1__2_,routing,0
sb_1__2_,routing,0
sb_1__2_,routing,0
sb_1__2_,routing,1
sb_1__2_,routing,1
sb_1__2_,routing,1
sb_1__2_,routing,0
sb_1__2_,routing,0
sb_1__2_,routing,0
sb_1__2_,routing,0
sb_1__2_,routing,0
sb_1__2_,routing,0
sb_1__2_,routing,0
sb_1__2_,routing,0
sb_1__2_,routing,0
sb_1__2_,routing,0
sb_1__2_,routing,0
sb_1__2_,routing,0
sb_1__2_,routing,0
sb_1__2_,routing,1
sb_1__2_,routing,1
sb_1__2_,routing,0
sb_1__2_,routing,0
grid_io_top_2__3_,routing,1
grid_io_top_2__3_,routing,1
grid_io_top_2__3_,routing,1
grid_io_top_2__3_,routing,0
grid_io_top_2__3_,routing,1
grid_io_top_2__3_,routing,1
grid_io_top_2__3_,routing,1
grid_io_top_2__3_,routing,0
cbx_2__2_,routing,0
cbx_2__2_,routing,0
cbx_2__2_,routing,0
cbx_2__2_,routing,0
cbx_2__2_,routing,0
cbx_2__2_,routing,0
cbx_2__2_,routing,0
cbx_2__2_,routing,0
cbx_2__2_,routing,0
cbx_2__2_,routing,0
cbx_2__2_,routing,0
cbx_2__2_,routing,0
cbx_2__2_,routing,0
cbx_2__2_,routing,0
cbx_2__2_,routing,0
cbx_2__2_,routing,0
cbx_2__2_,routing,0
cbx_2__2_,routing,0
cbx_2__2_,routing,0
cbx_2__2_,routing,0
cbx_2__2_,routing,0
cbx_2__2_,routing,0
cbx_2__2_,routing,0
cbx_2__2_,routing,0
cbx_2__2_,routing,0
cbx_2__2_,routing,1
cbx_2__2_,routing,0
cbx_2__2_,routing,0
cbx_2__2_,routing,0
cbx_2__2_,routing,0
cbx_2__2_,routing,0
cbx_2__2_,routing,0
cbx_2__2_,routing,0
cbx_2__2_,routing,0
cbx_2__2_,routing,0
cbx_2__2_,routing,0
cbx_2__2_,routing,0
cbx_2__2_,routing,0
cbx_2__2_,routing,0
cbx_2__2_,routing,0
cbx_2__2_,routing,1
cbx_2__2_,routing,1
cbx_2__2_,routing,1
cbx_2__2_,routing,1
sb_2__2_,routing,1
sb_2__2_,routing,0
sb_2__2_,routing,0
sb_2__2_,routing,0
sb_2__2_,routing,0
sb_2__2_,routing,0
sb_2__2_,routing,0
sb_2__2_,routing,0
sb_2__2_,routing,0
sb_2__2_,routing,0
sb_2__2_,routing,0
sb_2__2_,routing,0
sb_2__2_,routing,1
sb_2__2_,routing,1
sb_2__2_,routing,0
sb_2__2_,routing,0
sb_2__2_,routing,0
sb_2__2_,routing,0
sb_2__2_,routing,0
sb_2__2_,routing,0
sb_2__2_,routing,0
sb_2__2_,routing,0
sb_2__2_,routing,0
sb_2__2_,routing,0
sb_2__2_,routing,0
sb_2__2_,routing,0
sb_2__2_,routing,0
sb_2__2_,routing,0
sb_2__2_,routing,0
sb_2__2_,routing,0
sb_2__2_,routing,1
sb_2__2_,routing,1
sb_2__2_,routing,0
sb_2__2_,routing,0
sb_2__2_,routing,0
sb_2__2_,routing,0
sb_2__2_,routing,0
sb_2__2_,routing,0
sb_2__2_,routing,0
sb_2__2_,routing,0
sb_2__2_,routing,1
sb_2__2_,routing,1
sb_2__2_,routing,1
sb_2__2_,routing,1
sb_2__2_,routing,0
sb_2__2_,routing,0
sb_2__2_,routing,0
sb_2__2_,routing,0
sb_2__2_,routing,0
sb_2__2_,routing,0
sb_2__2_,routing,1
sb_2__2_,routing,1
sb_2__2_,routing,0
sb_2__2_,routing,0
sb_2__2_,routing,1
sb_2__2_,routing,1
sb_2__2_,routing,0
sb_2__2_,routing,0
sb_2__2_,routing,0
sb_2__2_,routing,0
sb_2__2_,routing,0
sb_2__2_,routing,0
sb_2__2_,routing,0
sb_2__2_,routing,0
sb_2__2_,routing,0
sb_2__2_,routing,0
sb_2__2_,routing,1
sb_2__2_,routing,0
sb_2__2_,routing,1
sb_2__2_,routing,1
sb_2__2_,routing,0
sb_2__2_,routing,0
grid_io_right_3__2_,routing,1
grid_io_right_3__2_,routing,1
grid_io_right_3__2_,routing,1
grid_io_right_3__2_,routing,1
grid_io_right_3__2_,routing,1
grid_io_right_3__2_,routing,1
grid_io_right_3__2_,routing,1
grid_io_right_3__2_,routing,0
grid_io_right_3__1_,routing,1
grid_io_right_3__1_,routing,1
grid_io_right_3__1_,routing,0
grid_io_right_3__1_,routing,1
grid_io_right_3__1_,routing,1
grid_io_right_3__1_,routing,0
grid_io_right_3__1_,routing,1
grid_io_right_3__1_,routing,1
grid_io_bottom_2__0_,routing,1
grid_io_bottom_2__0_,routing,0
grid_io_bottom_2__0_,routing,1
grid_io_bottom_2__0_,routing,0
grid_io_bottom_2__0_,routing,1
grid_io_bottom_2__0_,routing,0
grid_io_bottom_2__0_,routing,1
grid_io_bottom_2__0_,routing,1
grid_io_bottom_1__0_,routing,0
grid_io_bottom_1__0_,routing,1
grid_io_bottom_1__0_,routing,1
grid_io_bottom_1__0_,routing,1
grid_io_bottom_1__0_,routing,1
grid_io_bottom_1__0_,routing,1
grid_io_bottom_1__0_,routing,1
grid_io_bottom_1__0_,routing,0
